run_id,case,direction,transport,reliability,payload_bytes,target_frequency_hz,nominal_period_ms,n_intervals,inter_send_mean_ms,inter_send_std_ms,inter_send_min_ms,inter_send_max_ms,jitter_ratio
exp_constrained_pub_only_xcdr__cpp_to_cpp__1000000B__10Hz__shmem_ds__best_effort,exp_constrained_pub_only_xcdr,cpp_to_cpp,shmem_ds,best_effort,1000000,10.0,100.0,300,99.95924678335587,0.5569857923312725,98.63687399029732,101.08957800269127,0.00557212874501187
exp_constrained_pub_only_xcdr__cpp_to_cpp__100000B__10Hz__shmem_ds__best_effort,exp_constrained_pub_only_xcdr,cpp_to_cpp,shmem_ds,best_effort,100000,10.0,100.0,300,99.96003612995148,0.5541560952759986,98.98054498434067,101.00119400024414,0.005543776460380394
exp_constrained_pub_only_xcdr__cpp_to_py__1000000B__10Hz__shmem_ds__best_effort,exp_constrained_pub_only_xcdr,cpp_to_py,shmem_ds,best_effort,1000000,10.0,100.0,300,99.95956874330838,0.5576045107134481,98.65151199698448,101.07816702127457,0.005578300484122246
exp_constrained_pub_only_xcdr__cpp_to_py__100000B__10Hz__shmem_ds__best_effort,exp_constrained_pub_only_xcdr,cpp_to_py,shmem_ds,best_effort,100000,10.0,100.0,300,99.96013617664576,0.5529776783008159,98.96486899256706,101.01913198828697,0.005531982042557592
exp_constrained_pub_only_xcdr__py_to_cpp__1000000B__10Hz__shmem_ds__best_effort,exp_constrained_pub_only_xcdr,py_to_cpp,shmem_ds,best_effort,1000000,10.0,100.0,300,99.98493744333585,0.6206940955580309,98.70020499825478,101.22201400995255,0.006207876020423525
exp_constrained_pub_only_xcdr__py_to_cpp__100000B__10Hz__shmem_ds__best_effort,exp_constrained_pub_only_xcdr,py_to_cpp,shmem_ds,best_effort,100000,10.0,100.0,300,99.98602800339461,0.6326919262143035,98.65333098173141,102.34573101997375,0.0063278033826168496
exp_constrained_pub_only_xcdr__py_to_py__1000000B__10Hz__shmem_ds__best_effort,exp_constrained_pub_only_xcdr,py_to_py,shmem_ds,best_effort,1000000,10.0,100.0,300,99.98485929002365,0.6260184585340083,98.45587101578712,101.45846801996231,0.006261132565263024
exp_constrained_pub_only_xcdr__py_to_py__100000B__10Hz__shmem_ds__best_effort,exp_constrained_pub_only_xcdr,py_to_py,shmem_ds,best_effort,100000,10.0,100.0,300,99.9871155766646,0.6037121048536515,98.73306301236153,101.27868101000786,0.006037898997003852
exp_constrained_pub_sub_xcdr__cpp_to_cpp__1000000B__10Hz__shmem_ds__best_effort,exp_constrained_pub_sub_xcdr,cpp_to_cpp,shmem_ds,best_effort,1000000,10.0,100.0,300,99.95861018657685,0.5567141844869232,98.60745599865913,101.01537200808525,0.005569447028603072
exp_constrained_pub_sub_xcdr__cpp_to_cpp__100000B__10Hz__shmem_ds__best_effort,exp_constrained_pub_sub_xcdr,cpp_to_cpp,shmem_ds,best_effort,100000,10.0,100.0,300,99.96008906334639,0.5533015714607153,98.95627999305725,101.0031090080738,0.00553522487470053
exp_constrained_pub_sub_xcdr__cpp_to_py__1000000B__10Hz__shmem_ds__best_effort,exp_constrained_pub_sub_xcdr,cpp_to_py,shmem_ds,best_effort,1000000,10.0,100.0,300,99.95908320337534,0.5554151805068321,98.7141959965229,100.98702099919319,0.005556425316314599
exp_constrained_pub_sub_xcdr__cpp_to_py__100000B__10Hz__shmem_ds__best_effort,exp_constrained_pub_sub_xcdr,cpp_to_py,shmem_ds,best_effort,100000,10.0,100.0,300,99.96020723332961,0.5525616442033412,98.97381100058556,100.98378500342369,0.005527816113001227
exp_constrained_pub_sub_xcdr__py_to_cpp__1000000B__10Hz__shmem_ds__best_effort,exp_constrained_pub_sub_xcdr,py_to_cpp,shmem_ds,best_effort,1000000,10.0,100.0,300,99.98537776668867,0.6381752302329683,98.81235399842262,102.10163301229477,0.006382685593508694
exp_constrained_pub_sub_xcdr__py_to_cpp__100000B__10Hz__shmem_ds__best_effort,exp_constrained_pub_sub_xcdr,py_to_cpp,shmem_ds,best_effort,100000,10.0,100.0,300,99.98718810002009,0.6148361092478094,98.66579300165176,101.24703699350357,0.006149148915286736
exp_constrained_pub_sub_xcdr__py_to_py__1000000B__10Hz__shmem_ds__best_effort,exp_constrained_pub_sub_xcdr,py_to_py,shmem_ds,best_effort,1000000,10.0,100.0,300,99.98368421663841,0.672050240898634,97.06567600369453,102.76548001170158,0.006721599090532385
exp_constrained_pub_sub_xcdr__py_to_py__100000B__10Hz__shmem_ds__best_effort,exp_constrained_pub_sub_xcdr,py_to_py,shmem_ds,best_effort,100000,10.0,100.0,300,99.9868639266491,0.6179231225597566,98.71729800105095,101.16724300384521,0.006180043040584495
exp_copy_xcdr__cpp_to_cpp__1000000B__10Hz__shmem_ds__best_effort,exp_copy_xcdr,cpp_to_cpp,shmem_ds,best_effort,1000000,10.0,100.0,300,99.96041480004787,0.5524289371656571,98.97272798418999,100.99210599064827,0.0055264770386426266
exp_copy_xcdr__cpp_to_cpp__100000B__10Hz__shmem_ds__best_effort,exp_copy_xcdr,cpp_to_cpp,shmem_ds,best_effort,100000,10.0,100.0,300,99.96040615330139,0.5525478687796845,99.00233098864555,100.99985799193382,0.0055276673039151665
exp_copy_xcdr__cpp_to_py__1000000B__10Hz__shmem_ds__best_effort,exp_copy_xcdr,cpp_to_py,shmem_ds,best_effort,1000000,10.0,100.0,300,99.96040891339382,0.5518081915423803,99.00172600150108,100.99491700530052,0.005520267449290544
exp_copy_xcdr__cpp_to_py__100000B__10Hz__shmem_ds__best_effort,exp_copy_xcdr,cpp_to_py,shmem_ds,best_effort,100000,10.0,100.0,300,99.96041168659926,0.552674402745709,98.99953401088715,100.99453300237656,0.005528932838716998
exp_copy_xcdr__py_to_cpp__1000000B__10Hz__shmem_ds__best_effort,exp_copy_xcdr,py_to_cpp,shmem_ds,best_effort,1000000,10.0,100.0,300,99.98722718328237,0.5944970708952104,98.93105801939964,101.1538300216198,0.005945730146166199
exp_copy_xcdr__py_to_cpp__100000B__10Hz__shmem_ds__best_effort,exp_copy_xcdr,py_to_cpp,shmem_ds,best_effort,100000,10.0,100.0,300,99.98703509002924,0.6016386221391898,98.58606299757957,101.07296597957611,0.006017166341590876
exp_copy_xcdr__py_to_py__1000000B__10Hz__shmem_ds__best_effort,exp_copy_xcdr,py_to_py,shmem_ds,best_effort,1000000,10.0,100.0,300,99.98714839339256,0.6001365101653666,98.95076900720596,101.08705699443817,0.0060021364726211696
exp_copy_xcdr__py_to_py__100000B__10Hz__shmem_ds__best_effort,exp_copy_xcdr,py_to_py,shmem_ds,best_effort,100000,10.0,100.0,300,99.98707895000776,0.5983204634996524,98.9262729883194,101.06571698188782,0.005983977827763174
std_copy_fastcdr__cpp_to_cpp__1000000B__10Hz__shmem_ds__best_effort,std_copy_fastcdr,cpp_to_cpp,shmem_ds,best_effort,1000000,10.0,100.0,300,99.96043867667517,0.5528031049648341,98.99905100464821,100.99153599143028,0.005530218877419007
std_copy_fastcdr__cpp_to_cpp__100000B__10Hz__shmem_ds__best_effort,std_copy_fastcdr,cpp_to_cpp,shmem_ds,best_effort,100000,10.0,100.0,300,99.9604165533185,0.5525158831872308,98.99771001935005,100.99427101016045,0.005527346746224501
std_copy_fastcdr__cpp_to_py__1000000B__10Hz__shmem_ds__best_effort,std_copy_fastcdr,cpp_to_py,shmem_ds,best_effort,1000000,10.0,100.0,300,99.96042572001616,0.5538381348422405,99.00336799025536,100.99224102497101,0.005540573990686191
std_copy_fastcdr__cpp_to_py__100000B__10Hz__shmem_ds__best_effort,std_copy_fastcdr,cpp_to_py,shmem_ds,best_effort,100000,10.0,100.0,300,99.96043070008358,0.5525273136581633,98.99886000156403,100.9954049885273,0.005527460313931014
std_copy_fastcdr__py_to_cpp__1000000B__10Hz__shmem_ds__best_effort,std_copy_fastcdr,py_to_cpp,shmem_ds,best_effort,1000000,10.0,100.0,300,99.98748008996249,0.598270130561635,98.89838600158691,101.06943500041962,0.0059834504282271035
std_copy_fastcdr__py_to_cpp__100000B__10Hz__shmem_ds__best_effort,std_copy_fastcdr,py_to_cpp,shmem_ds,best_effort,100000,10.0,100.0,300,99.98782417992751,0.6220840591129448,97.44498500227928,101.67535701394081,0.006221598121722382
std_copy_fastcdr__py_to_py__1000000B__10Hz__shmem_ds__best_effort,std_copy_fastcdr,py_to_py,shmem_ds,best_effort,1000000,10.0,100.0,300,99.98725281000138,0.599446629827334,98.90329998731613,101.09180301427841,0.005995230521698796
std_copy_fastcdr__py_to_py__100000B__10Hz__shmem_ds__best_effort,std_copy_fastcdr,py_to_py,shmem_ds,best_effort,100000,10.0,100.0,300,99.98736217329899,0.5963501071911992,98.88264799118042,101.04866001009941,0.005964254824100668
std_copy_xcdr__cpp_to_cpp__1000000B__10Hz__shmem_ds__best_effort,std_copy_xcdr,cpp_to_cpp,shmem_ds,best_effort,1000000,10.0,100.0,300,99.96040428330501,0.5521622035341441,98.9978049993515,100.99038299918175,0.0055238092271938126
std_copy_xcdr__cpp_to_cpp__100000B__10Hz__shmem_ds__best_effort,std_copy_xcdr,cpp_to_cpp,shmem_ds,best_effort,100000,10.0,100.0,300,99.96041376660267,0.5525528910655233,98.99865698814392,100.99295800924301,0.00552771712565814
std_copy_xcdr__cpp_to_py__1000000B__10Hz__shmem_ds__best_effort,std_copy_xcdr,cpp_to_py,shmem_ds,best_effort,1000000,10.0,100.0,300,99.96041238675515,0.5521710471746991,99.00097897648811,100.99696299433708,0.005523897250826691
std_copy_xcdr__cpp_to_py__100000B__10Hz__shmem_ds__best_effort,std_copy_xcdr,cpp_to_py,shmem_ds,best_effort,100000,10.0,100.0,300,99.96041919330756,0.5521688641204598,99.00507998466492,100.99745401740074,0.005523875035504333
std_copy_xcdr__py_to_cpp__1000000B__10Hz__shmem_ds__best_effort,std_copy_xcdr,py_to_cpp,shmem_ds,best_effort,1000000,10.0,100.0,300,99.98735885004203,0.6068032677500362,98.98319900035858,101.10419598221779,0.00606879984358924
std_copy_xcdr__py_to_cpp__100000B__10Hz__shmem_ds__best_effort,std_copy_xcdr,py_to_cpp,shmem_ds,best_effort,100000,10.0,100.0,300,99.98713284333547,0.6017232451797241,98.96929398179054,101.36599600315094,0.006018006798160042
std_copy_xcdr__py_to_py__1000000B__10Hz__shmem_ds__best_effort,std_copy_xcdr,py_to_py,shmem_ds,best_effort,1000000,10.0,100.0,300,99.98735134661197,0.5961758358253014,98.9604699909687,101.05631399154663,0.005962512535796885
std_copy_xcdr__py_to_py__100000B__10Hz__shmem_ds__best_effort,std_copy_xcdr,py_to_py,shmem_ds,best_effort,100000,10.0,100.0,300,99.98736473331849,0.598017219370339,98.94095399975777,101.1280229985714,0.005980927899893571
