run_id,n,mean,std,min,max,p50,p95,p99,achieved_hz,message,config,backend,direction,payload_bytes,target_frequency_hz,transport,reliability,step_index,n_publish,n_receive,drop_rate,case
exp_constrained_pub_only_xcdr__cpp_to_cpp__1000000B__10Hz__shmem_ds__best_effort,301,115.3486511627907,42.43167083607763,52.267,576.055,111.147,176.34,206.746,10.037423906445678,exp,constrained_pub_only,xcdr,cpp_to_cpp,1000000,10.0,shmem_ds,best_effort,1,301,301,0.0,exp_constrained_pub_only_xcdr
exp_constrained_pub_only_xcdr__cpp_to_cpp__100000B__10Hz__shmem_ds__best_effort,301,111.61297674418606,38.40936729110219,54.272,525.98,105.266,173.072,189.323,10.037344644698592,exp,constrained_pub_only,xcdr,cpp_to_cpp,100000,10.0,shmem_ds,best_effort,0,301,301,0.0,exp_constrained_pub_only_xcdr
exp_constrained_pub_only_xcdr__cpp_to_py__1000000B__10Hz__shmem_ds__best_effort,301,236.84448172757476,52.08360317794043,131.625,412.949,229.277,327.931,363.918,10.037391576884422,exp,constrained_pub_only,xcdr,cpp_to_py,1000000,10.0,shmem_ds,best_effort,1,301,301,0.0,exp_constrained_pub_only_xcdr
exp_constrained_pub_only_xcdr__cpp_to_py__100000B__10Hz__shmem_ds__best_effort,301,235.5194950166113,51.47374315918238,128.859,408.83,224.658,330.535,385.547,10.03733459866512,exp,constrained_pub_only,xcdr,cpp_to_py,100000,10.0,shmem_ds,best_effort,0,301,301,0.0,exp_constrained_pub_only_xcdr
exp_constrained_pub_only_xcdr__py_to_cpp__1000000B__10Hz__shmem_ds__best_effort,301,105.1323953488372,37.300626647995855,49.953,376.764,97.843,168.896,207.398,10.034844837523398,exp,constrained_pub_only,xcdr,py_to_cpp,1000000,10.0,shmem_ds,best_effort,1,301,301,0.0,exp_constrained_pub_only_xcdr
exp_constrained_pub_only_xcdr__py_to_cpp__100000B__10Hz__shmem_ds__best_effort,301,145.3908803986711,38.22053338550254,59.741,465.65,143.618,206.596,234.709,10.034735386227005,exp,constrained_pub_only,xcdr,py_to_cpp,100000,10.0,shmem_ds,best_effort,0,301,301,0.0,exp_constrained_pub_only_xcdr
exp_constrained_pub_only_xcdr__py_to_py__1000000B__10Hz__shmem_ds__best_effort,301,204.88193023255815,46.56665788163373,116.779,415.438,201.888,293.73,325.871,10.034852681276734,exp,constrained_pub_only,xcdr,py_to_py,1000000,10.0,shmem_ds,best_effort,1,301,301,0.0,exp_constrained_pub_only_xcdr
exp_constrained_pub_only_xcdr__py_to_py__100000B__10Hz__shmem_ds__best_effort,301,240.763488372093,130.10901232480924,125.656,2220.015,227.836,331.571,414.376,10.034626237057633,exp,constrained_pub_only,xcdr,py_to_py,100000,10.0,shmem_ds,best_effort,0,301,301,0.0,exp_constrained_pub_only_xcdr
exp_constrained_pub_sub_xcdr__cpp_to_cpp__1000000B__10Hz__shmem_ds__best_effort,301,133.9093488372093,35.371424607837135,59.552,431.4,129.013,199.385,235.252,10.037487830809862,exp,constrained_pub_sub,xcdr,cpp_to_cpp,1000000,10.0,shmem_ds,best_effort,1,301,301,0.0,exp_constrained_pub_sub_xcdr
exp_constrained_pub_sub_xcdr__cpp_to_cpp__100000B__10Hz__shmem_ds__best_effort,301,132.08842857142858,42.362127569159156,47.169,354.966,125.526,191.56,218.791,10.037339329476138,exp,constrained_pub_sub,xcdr,cpp_to_cpp,100000,10.0,shmem_ds,best_effort,0,301,301,0.0,exp_constrained_pub_sub_xcdr
exp_constrained_pub_sub_xcdr__cpp_to_py__1000000B__10Hz__shmem_ds__best_effort,301,274.76401328903654,64.18210548364048,123.502,593.363,269.165,371.637,508.524,10.037440332384673,exp,constrained_pub_sub,xcdr,cpp_to_py,1000000,10.0,shmem_ds,best_effort,1,301,301,0.0,exp_constrained_pub_sub_xcdr
exp_constrained_pub_sub_xcdr__cpp_to_py__100000B__10Hz__shmem_ds__best_effort,301,215.68677408637873,61.2804197993301,110.347,504.145,216.116,314.93,344.416,10.037327463630506,exp,constrained_pub_sub,xcdr,cpp_to_py,100000,10.0,shmem_ds,best_effort,0,301,301,0.0,exp_constrained_pub_sub_xcdr
exp_constrained_pub_sub_xcdr__py_to_cpp__1000000B__10Hz__shmem_ds__best_effort,301,128.70530897009968,47.52632899997873,57.358,468.26,127.008,209.665,293.322,10.034800645298223,exp,constrained_pub_sub,xcdr,py_to_cpp,1000000,10.0,shmem_ds,best_effort,1,301,301,0.0,exp_constrained_pub_sub_xcdr
exp_constrained_pub_sub_xcdr__py_to_cpp__100000B__10Hz__shmem_ds__best_effort,301,144.08702990033223,30.40919154842995,75.562,334.809,140.815,204.475,227.057,10.034618958679701,exp,constrained_pub_sub,xcdr,py_to_cpp,100000,10.0,shmem_ds,best_effort,0,301,301,0.0,exp_constrained_pub_sub_xcdr
exp_constrained_pub_sub_xcdr__py_to_py__1000000B__10Hz__shmem_ds__best_effort,301,239.58620930232556,63.497734459790266,143.591,638.002,234.822,362.202,450.728,10.034970617396832,exp,constrained_pub_sub,xcdr,py_to_py,1000000,10.0,shmem_ds,best_effort,1,301,301,0.0,exp_constrained_pub_sub_xcdr
exp_constrained_pub_sub_xcdr__py_to_py__100000B__10Hz__shmem_ds__best_effort,301,239.7639003322259,57.278033754224076,131.908,481.286,237.256,342.274,386.698,10.034651492512134,exp,constrained_pub_sub,xcdr,py_to_py,100000,10.0,shmem_ds,best_effort,0,301,301,0.0,exp_constrained_pub_sub_xcdr
exp_copy_xcdr__cpp_to_cpp__1000000B__10Hz__shmem_ds__best_effort,301,575.880657807309,274.39512184027456,227.56,2120.775,488.014,1033.838,1368.05,10.037306621233961,exp,copy,xcdr,cpp_to_cpp,1000000,10.0,shmem_ds,best_effort,1,301,301,0.0,exp_copy_xcdr
exp_copy_xcdr__cpp_to_cpp__100000B__10Hz__shmem_ds__best_effort,301,177.39981727574752,71.0845546380963,113.284,812.939,155.885,284.348,372.545,10.037307489470177,exp,copy,xcdr,cpp_to_cpp,100000,10.0,shmem_ds,best_effort,0,301,301,0.0,exp_copy_xcdr
exp_copy_xcdr__cpp_to_py__1000000B__10Hz__shmem_ds__best_effort,301,651.3286910299003,247.7815861132962,331.017,2416.053,571.681,1107.736,1335.267,10.037307212330767,exp,copy,xcdr,cpp_to_py,1000000,10.0,shmem_ds,best_effort,1,301,301,0.0,exp_copy_xcdr
exp_copy_xcdr__cpp_to_py__100000B__10Hz__shmem_ds__best_effort,301,286.1188073089701,75.69269720029854,181.974,782.971,265.813,425.084,490.077,10.037306933852536,exp,copy,xcdr,cpp_to_py,100000,10.0,shmem_ds,best_effort,0,301,301,0.0,exp_copy_xcdr
exp_copy_xcdr__py_to_cpp__1000000B__10Hz__shmem_ds__best_effort,301,627.844607973422,241.05732336742196,276.423,1539.034,559.329,1078.963,1283.19,10.034615036315127,exp,copy,xcdr,py_to_cpp,1000000,10.0,shmem_ds,best_effort,1,301,301,0.0,exp_copy_xcdr
exp_copy_xcdr__py_to_cpp__100000B__10Hz__shmem_ds__best_effort,301,252.40287707641198,96.26334162927672,134.645,870.357,234.484,416.258,648.628,10.034634314641057,exp,copy,xcdr,py_to_cpp,100000,10.0,shmem_ds,best_effort,0,301,301,0.0,exp_copy_xcdr
exp_copy_xcdr__py_to_py__1000000B__10Hz__shmem_ds__best_effort,301,741.1160664451827,250.39816697472494,343.801,2311.757,684.657,1145.73,1239.357,10.034622943604528,exp,copy,xcdr,py_to_py,1000000,10.0,shmem_ds,best_effort,1,301,301,0.0,exp_copy_xcdr
exp_copy_xcdr__py_to_py__100000B__10Hz__shmem_ds__best_effort,301,331.7791926910299,83.66863415615246,208.384,1059.125,308.644,468.167,562.685,10.034629912881691,exp,copy,xcdr,py_to_py,100000,10.0,shmem_ds,best_effort,0,301,301,0.0,exp_copy_xcdr
std_copy_fastcdr__cpp_to_cpp__1000000B__10Hz__shmem_ds__best_effort,301,912.259880398671,291.30424209005093,340.543,2406.288,864.07,1420.389,1775.419,10.037304223711226,std,copy,fastcdr,cpp_to_cpp,1000000,10.0,shmem_ds,best_effort,1,301,301,0.0,std_copy_fastcdr
std_copy_fastcdr__cpp_to_cpp__100000B__10Hz__shmem_ds__best_effort,301,244.301,69.18621782758953,124.475,785.471,228.571,351.133,469.486,10.03730644517683,std,copy,fastcdr,cpp_to_cpp,100000,10.0,shmem_ds,best_effort,0,301,301,0.0,std_copy_fastcdr
std_copy_fastcdr__cpp_to_py__1000000B__10Hz__shmem_ds__best_effort,301,2603.9259667774086,345.3754584403263,1866.238,3699.201,2632.762,3120.491,3323.626,10.037305524726143,std,copy,fastcdr,cpp_to_py,1000000,10.0,shmem_ds,best_effort,1,301,301,0.0,std_copy_fastcdr
std_copy_fastcdr__cpp_to_py__100000B__10Hz__shmem_ds__best_effort,301,437.65658471760804,102.34934926539736,241.435,1065.467,409.912,610.751,847.988,10.03730502467046,std,copy,fastcdr,cpp_to_py,100000,10.0,shmem_ds,best_effort,0,301,301,0.0,std_copy_fastcdr
std_copy_fastcdr__py_to_cpp__1000000B__10Hz__shmem_ds__best_effort,301,1102.8846179401994,303.8220632387158,538.016,2564.54,1080.64,1555.536,2079.295,10.034589654927,std,copy,fastcdr,py_to_cpp,1000000,10.0,shmem_ds,best_effort,1,301,301,0.0,std_copy_fastcdr
std_copy_fastcdr__py_to_cpp__100000B__10Hz__shmem_ds__best_effort,301,275.6211794019934,58.25807364386825,142.469,621.112,266.022,396.759,499.172,10.034555122702875,std,copy,fastcdr,py_to_cpp,100000,10.0,shmem_ds,best_effort,0,301,301,0.0,std_copy_fastcdr
std_copy_fastcdr__py_to_py__1000000B__10Hz__shmem_ds__best_effort,301,2446.2154950166114,351.75679655181864,1839.465,4414.106,2333.888,3005.587,3381.527,10.03461246444994,std,copy,fastcdr,py_to_py,1000000,10.0,shmem_ds,best_effort,1,301,301,0.0,std_copy_fastcdr
std_copy_fastcdr__py_to_py__100000B__10Hz__shmem_ds__best_effort,301,458.6181495016611,91.57495757578904,248.86,1177.944,448.396,616.654,741.77,10.034601488876188,std,copy,fastcdr,py_to_py,100000,10.0,shmem_ds,best_effort,0,301,301,0.0,std_copy_fastcdr
std_copy_xcdr__cpp_to_cpp__1000000B__10Hz__shmem_ds__best_effort,301,711.741584717608,265.49409954866616,304.586,2509.845,655.769,1164.381,1341.056,10.037307677242175,std,copy,xcdr,cpp_to_cpp,1000000,10.0,shmem_ds,best_effort,1,301,301,0.0,std_copy_xcdr
std_copy_xcdr__cpp_to_cpp__100000B__10Hz__shmem_ds__best_effort,301,216.80089700996677,61.69678514698061,128.263,523.639,201.0,328.22,383.014,10.037306724993872,std,copy,xcdr,cpp_to_cpp,100000,10.0,shmem_ds,best_effort,0,301,301,0.0,std_copy_xcdr
std_copy_xcdr__cpp_to_py__1000000B__10Hz__shmem_ds__best_effort,301,1233.6725913621262,351.0975472146959,644.468,3538.356,1195.368,1673.572,1943.813,10.037306863563561,std,copy,xcdr,cpp_to_py,1000000,10.0,shmem_ds,best_effort,1,301,301,0.0,std_copy_xcdr
std_copy_xcdr__cpp_to_py__100000B__10Hz__shmem_ds__best_effort,301,400.6418671096346,94.13594878831155,241.015,849.795,374.447,576.85,631.644,10.037306180087015,std,copy,xcdr,cpp_to_py,100000,10.0,shmem_ds,best_effort,0,301,301,0.0,std_copy_xcdr
std_copy_xcdr__py_to_cpp__1000000B__10Hz__shmem_ds__best_effort,301,881.1647873754154,296.7021320172494,400.848,2580.93,813.248,1350.625,1519.894,10.034601822401607,std,copy,xcdr,py_to_cpp,1000000,10.0,shmem_ds,best_effort,1,301,301,0.0,std_copy_xcdr
std_copy_xcdr__py_to_cpp__100000B__10Hz__shmem_ds__best_effort,301,255.04867774086378,71.94989339426293,159.932,978.59,239.643,358.397,447.095,10.0346245041892,std,copy,xcdr,py_to_cpp,100000,10.0,shmem_ds,best_effort,0,301,301,0.0,std_copy_xcdr
std_copy_xcdr__py_to_py__1000000B__10Hz__shmem_ds__best_effort,301,2411.600219269103,386.535286846904,1676.792,4356.822,2318.947,3088.583,3536.722,10.034602575426476,std,copy,xcdr,py_to_py,1000000,10.0,shmem_ds,best_effort,1,301,301,0.0,std_copy_xcdr
std_copy_xcdr__py_to_py__100000B__10Hz__shmem_ds__best_effort,301,371.3257541528239,96.53033986009802,231.288,877.45,347.076,571.862,635.162,10.034601231957929,std,copy,xcdr,py_to_py,100000,10.0,shmem_ds,best_effort,0,301,301,0.0,std_copy_xcdr
